{
  "train_loss": [
    0.4423322232406853,
    0.16493868405398512,
    0.09590137434757448,
    0.06914798038529366,
    0.06575019676945106,
    0.05043308466390174,
    0.04542106724771396,
    0.03691193214425376,
    0.03754924119389865,
    0.02075924984481909,
    0.025825793801361994,
    0.023172344826239817,
    0.0102628908589395,
    0.010127596288644522,
    0.007749863631748407,
    0.009253006769118397,
    0.00652050749567934,
    0.0077210289112567155,
    0.005728033865450145,
    0.0047206053364529255,
    0.004854021237406414,
    0.003506510539344682,
    0.0032510550753873497,
    0.004136753225615004,
    0.004252673087064197
  ],
  "train_acc": [
    84.79910714285714,
    94.10714285714286,
    96.89732142857143,
    97.61160714285714,
    97.70089285714286,
    98.52678571428571,
    98.50446428571429,
    98.77232142857143,
    98.88392857142857,
    99.33035714285714,
    99.28571428571429,
    99.33035714285714,
    99.75446428571429,
    99.66517857142857,
    99.73214285714286,
    99.6875,
    99.77678571428571,
    99.73214285714286,
    99.88839285714286,
    99.84375,
    99.82142857142857,
    99.88839285714286,
    99.91071428571429,
    99.82142857142857,
    99.82142857142857
  ],
  "val_loss": [
    0.4749145003900464,
    0.5418257973422962,
    0.7780318572539338,
    0.33513324284493656,
    0.12998475383626232,
    0.18254170846401913,
    0.11636275437402739,
    0.28105405860592975,
    0.17578251328710134,
    0.3339970102081549,
    0.4355717269219375,
    0.3931738051755279,
    0.2741225210445139,
    0.28195627731072037,
    0.2513170427311187,
    0.9140418189042195,
    0.5657841114595742,
    0.41956404308595147,
    1.578532245684203,
    0.6484748629037702,
    0.6739562983090244,
    0.3795657776968905,
    0.414139930341597,
    0.3882153864191683,
    0.13158166390641263
  ],
  "val_acc": [
    93.83928571428571,
    95.80357142857143,
    96.16071428571429,
    96.78571428571429,
    97.67857142857143,
    97.5,
    97.14285714285714,
    98.03571428571429,
    97.67857142857143,
    97.94642857142857,
    97.5,
    98.21428571428571,
    98.03571428571429,
    97.67857142857143,
    98.21428571428571,
    98.125,
    98.125,
    98.30357142857143,
    98.125,
    98.30357142857143,
    98.125,
    98.57142857142857,
    98.48214285714286,
    98.39285714285714,
    98.92857142857143
  ]
}