{
  "train_loss": [
    0.5487381108459972,
    0.20635541661509446,
    0.15064089527974525,
    0.09429257208525779,
    0.07414530531691742,
    0.06786549822649075,
    0.045460092149940984,
    0.04132407801793999,
    0.032108587153544206,
    0.031750873859536594,
    0.02794693132645556,
    0.02692045655969109,
    0.017435400709274247,
    0.01667868515994217
  ],
  "train_acc": [
    79.35714285714286,
    92.80952380952381,
    94.42857142857143,
    96.71428571428571,
    97.47619047619048,
    97.61904761904762,
    98.5,
    98.69047619047619,
    98.95238095238095,
    98.9047619047619,
    98.9047619047619,
    99.07142857142857,
    99.47619047619048,
    99.38095238095238
  ],
  "val_loss": [
    0.21023408605584076,
    0.14742631946823426,
    0.10002924177263464,
    0.07852753858481135,
    0.07473094316997698,
    0.06025153751252219,
    0.049515357945347206,
    0.05293830612707617,
    0.07180028192524332,
    0.051155304941598194,
    0.1073345647334853,
    0.06845104775025643,
    0.0912471923724557,
    0.07848022704425343
  ],
  "val_acc": [
    92.64285714285714,
    95.57142857142857,
    96.78571428571429,
    97.35714285714286,
    97.35714285714286,
    98.14285714285714,
    98.64285714285714,
    98.28571428571429,
    97.85714285714286,
    98.42857142857143,
    97.07142857142857,
    98.21428571428571,
    97.92857142857143,
    98.14285714285714
  ]
}