{
  "train_loss": [
    0.5227843665296124,
    0.20661616372388034,
    0.13984318526373024,
    0.09531735108300511,
    0.06922347904293842,
    0.06656921390732307,
    0.05443067039595917,
    0.043895906066089604,
    0.03546602913494488,
    0.028303180279215752,
    0.02687540835128554,
    0.022040230978884558,
    0.01857029607109282,
    0.018123270611145666,
    0.019132187194675982,
    0.0196946257752383,
    0.011691220697061258,
    0.01487101170101336,
    0.012486361854583568,
    0.010089201753656935,
    0.010568513637640753,
    0.008441532145938947,
    0.007582044272203348,
    0.008709222025711262,
    0.007641240026697189,
    0.006173479430184497,
    0.006749544694754323,
    0.004266282803603514,
    0.009546758446560402,
    0.0050550109889844035
  ],
  "train_acc": [
    81.64285714285714,
    92.88095238095238,
    95.38095238095238,
    96.73809523809524,
    97.80952380952381,
    97.76190476190476,
    98.02380952380952,
    98.54761904761905,
    98.85714285714286,
    99.04761904761905,
    99.0952380952381,
    99.38095238095238,
    99.28571428571429,
    99.33333333333333,
    99.28571428571429,
    99.42857142857143,
    99.5952380952381,
    99.47619047619048,
    99.5952380952381,
    99.61904761904762,
    99.64285714285714,
    99.69047619047619,
    99.76190476190476,
    99.73809523809524,
    99.66666666666667,
    99.83333333333333,
    99.71428571428571,
    99.88095238095238,
    99.66666666666667,
    99.85714285714286
  ],
  "val_loss": [
    0.3284343624753611,
    0.20930025364671434,
    0.23494130250598702,
    0.21164212252811662,
    0.16189255396768984,
    0.21688058624942122,
    0.17087382876364116,
    0.3124123816777553,
    0.18002937791004245,
    0.516810778231177,
    0.17979408243554645,
    0.3148040106769518,
    0.19746783904494286,
    0.21939590835619519,
    0.21709142838559015,
    0.22508896798286254,
    0.4770775834268924,
    0.2094632344472172,
    0.3673068137583739,
    0.2037534144775626,
    0.2860666308193426,
    0.2202797614940729,
    0.08949647200518354,
    0.5802764565937001,
    0.3151461892842365,
    0.1569105113506209,
    0.20554950904261204,
    0.44790954793552373,
    0.27399142336809224,
    0.6317750143378362
  ],
  "val_acc": [
    91.42857142857143,
    93.78571428571429,
    95.14285714285714,
    96.28571428571429,
    96.57142857142857,
    97.21428571428571,
    97.0,
    97.14285714285714,
    97.42857142857143,
    96.78571428571429,
    97.28571428571429,
    96.78571428571429,
    97.57142857142857,
    97.71428571428571,
    97.07142857142857,
    97.64285714285714,
    97.35714285714286,
    97.78571428571429,
    97.71428571428571,
    97.57142857142857,
    97.85714285714286,
    98.0,
    97.64285714285714,
    98.0,
    98.21428571428571,
    98.0,
    97.85714285714286,
    97.85714285714286,
    98.0,
    97.35714285714286
  ]
}