{
  "train_loss": [
    0.5328912460733027,
    0.2188998492700713,
    0.14230394248096717,
    0.1158469611379717,
    0.08530102523842029,
    0.058155238554103386,
    0.049874889938759485,
    0.0527578836717155,
    0.04136928437870838,
    0.03534711222857281,
    0.02231100565058157,
    0.027693414217044066,
    0.02092324313998688,
    0.020085140928443122,
    0.019702466915069158,
    0.01601614270087642,
    0.013415753057814159,
    0.01251620089245816,
    0.012213642376636493,
    0.012027390859847878,
    0.012956514666733537,
    0.010508643010793354,
    0.009296769428155606,
    0.009471908923868406,
    0.011389635216567382
  ],
  "train_acc": [
    81.69047619047619,
    92.19047619047619,
    95.0,
    95.5952380952381,
    97.04761904761905,
    97.92857142857143,
    98.0,
    98.07142857142857,
    98.57142857142857,
    98.66666666666667,
    99.28571428571429,
    99.14285714285714,
    99.23809523809524,
    99.28571428571429,
    99.33333333333333,
    99.57142857142857,
    99.57142857142857,
    99.61904761904762,
    99.54761904761905,
    99.69047619047619,
    99.47619047619048,
    99.64285714285714,
    99.66666666666667,
    99.69047619047619,
    99.61904761904762
  ],
  "val_loss": [
    0.3942788928214993,
    0.3433971113126193,
    0.33712908359843174,
    0.10193989748534348,
    0.32599240349539155,
    0.43097037381001946,
    0.2354599276649034,
    0.49858107391961054,
    0.7052978166665915,
    0.8970231952129065,
    0.366709349222739,
    0.2276814279379323,
    0.3059722289044917,
    0.7614426350303152,
    0.9229639085656215,
    0.7820787448363262,
    0.32064065856611706,
    0.28255420538532366,
    0.758399468556984,
    0.717391073372502,
    0.09819758013036335,
    0.43051471824718257,
    0.19723092823499297,
    0.20575441830541033,
    0.3043084473351233
  ],
  "val_acc": [
    92.14285714285714,
    95.07142857142857,
    96.07142857142857,
    97.21428571428571,
    97.07142857142857,
    97.57142857142857,
    98.07142857142857,
    97.64285714285714,
    98.0,
    97.57142857142857,
    98.21428571428571,
    98.14285714285714,
    98.14285714285714,
    97.92857142857143,
    97.85714285714286,
    98.21428571428571,
    98.42857142857143,
    98.21428571428571,
    98.35714285714286,
    97.85714285714286,
    98.07142857142857,
    98.5,
    98.57142857142857,
    98.28571428571429,
    98.28571428571429
  ]
}